For Account:,####6012

TransactionDate,TransactionType,SecurityType,Symbol,Quantity,Amount,Price,Commission,Description

06/19/20,Bought,EQ,IBB,9,-1215.81,135.09,0,ISHARES NASDAQ                BIOTECHNOLOGY INDEX FD        
06/19/20,Bought,EQ,WMT,9,-1065.42,118.3796,0,WALMART INC                   COMMON STOCK                  
06/19/20,Bought,EQ,CHWY,3,-150.61,50.2022,0,CHEWY INC                     CLASS A COMMON STOCK PAR VALUE
06/19/20,Bought,EQ,CHWY,12,-600.96,50.08,0,CHEWY INC                     CLASS A COMMON STOCK PAR VALUE
06/19/20,Sold,EQ,NET,-4,143.47,35.87,0,CLOUDFLARE INC                CLASS A COMMON STOCK PAR      
06/19/20,Bought,EQ,CHGG,15,-997.2,66.48,0,CHEGG INC                     ^B
06/19/20,Sold,EQ,SQ,-5,493.18,98.64,0,SQUARE INC                    CLASS A COM                   
06/19/20,Bought To Open,OPTN,SPY Aug 21 '20 $340 Call,1,-200.52,2,0.5,SPY Aug 21 '20 $340 Call
06/19/20,Sold Short,OPTN,SPY Aug 21 '20 $330 Call,-1,424.47,4.25,0.5,SPY Aug 21 '20 $330 Call
06/19/20,Sold,EQ,SPOT,-1,236.53,236.54,0,***SPOTIFY TECHNOLOGY S A     SHS SPOTIFY TECH SA ORD REG   
06/19/20,Sold,EQ,NET,-4,146.35,36.59,0,CLOUDFLARE INC                CLASS A COMMON STOCK PAR      
06/19/20,Sold,EQ,VRTX,-2,561.86,280.94,0,VERTEX PHARMACEUTICALS INC    ^S
06/19/20,Sold,EQ,FB,-2,480,240.01,0,FACEBOOK INC                  CL A                          
06/19/20,Sold,EQ,FB,-1,239.99,240,0,FACEBOOK INC                  CL A                          
06/19/20,Bought,EQ,FB,9,-2159.2,239.9112,0,FACEBOOK INC                  CL A                          
06/19/20,Sold,EQ,SPOT,-1,232.28,232.29,0,***SPOTIFY TECHNOLOGY S A     SHS SPOTIFY TECH SA ORD REG   
06/19/20,Sold,EQ,VRTX,-3,847.69,282.57,0,VERTEX PHARMACEUTICALS INC    ^S
06/19/20,Sold,EQ,ATVI,-10,756.18,75.62,0,ACTIVISION BLIZZARD INC       ^S
06/19/20,Bought,EQ,NVDA,3,-1129.32,376.44,0,NVIDIA CORP                   ^B
06/19/20,Bought,EQ,Z,15,-965.78,64.385,0,ZILLOW GROUP INC              CLASS C COM                   
06/19/20,Sold,EQ,ETSY,-4,359.07,89.77,0,ETSY INC                      COM                           
06/18/20,Sold,EQ,ARKK,-5,336.24,67.25,0,ARK ETF TRUST                 ARK INNOVATION ETF            
06/18/20,Bought,EQ,ATVI,15,-1134,75.6,0,ACTIVISION BLIZZARD INC       ^B
06/18/20,Sold,EQ,IGV,-1,276.64,276.649,0,ISHARES TRUST                 ISHARES NORTH AMERICAN TECH   
06/18/20,Sold,EQ,PTON,-20,1001.37,50.07,0,PELOTON INTERACTIVE INC       CLASS A COMMON STOCK          
06/18/20,Sold,EQ,W,-6,1205.97,201,0,WAYFAIR INC                   CL A                          
06/18/20,Sold,EQ,SPOT,-2,419.49,209.75,0,***SPOTIFY TECHNOLOGY S A     SHS SPOTIFY TECH SA ORD REG   
06/18/20,Sold,EQ,QQQ,-2,486.56,243.29,0,INVESCO QQQ TR                UNIT SER 1                    
06/18/20,Sold,EQ,SMH,-6,906.81,151.14,0,VANECK VECTORS ETF TR         SEMICONDUCTOR ETF             
06/18/20,Sold,EQ,NET,-8,289.83,36.23,0,CLOUDFLARE INC                CLASS A COMMON STOCK PAR      
06/18/20,Sold,EQ,OKTA,-2,394.41,197.21,0,OKTA INC                      CLASS A COMMON STOCK          
06/18/20,Sold,EQ,SPOT,-2,430.37,215.189,0,***SPOTIFY TECHNOLOGY S A     SHS SPOTIFY TECH SA ORD REG   
06/17/20,Bought,EQ,VRTX,6,-1687.5,281.25,0,VERTEX PHARMACEUTICALS INC    ^B
06/17/20,Sold,EQ,NET,-8,268.79,33.6,0,CLOUDFLARE INC                CLASS A COMMON STOCK PAR      
06/17/20,Sold,EQ,SQ,-3,295.34,98.45,0,SQUARE INC                    CLASS A COM                   
06/17/20,Sold,EQ,ETSY,-4,344.03,86.01,0,ETSY INC                      COM                           
06/17/20,Sold,EQ,OKTA,-2,385.81,192.91,0,OKTA INC                      CLASS A COMMON STOCK          
06/17/20,Bought,EQ,SPOT,6,-1173.72,195.62,0,***SPOTIFY TECHNOLOGY S A     SHS SPOTIFY TECH SA ORD REG   
06/17/20,Bought,EQ,W,6,-1237.2,206.2,0,WAYFAIR INC                   CL A                          
06/17/20,Sold,EQ,QQQ,-2,490.22,245.12,0,INVESCO QQQ TR                UNIT SER 1                    
06/17/20,Sold,EQ,SMH,-3,458.21,152.7417,0,VANECK VECTORS ETF TR         SEMICONDUCTOR ETF             
06/16/20,Sold,EQ,SQ,-4,379.15,94.79,0,SQUARE INC                    CLASS A COM                   
06/16/20,Bought,EQ,RNG,3,-839.06,279.6875,0,RINGCENTRAL INC               CL A                          
06/16/20,Bought,EQ,NOW,3,-1196.37,398.79,0,SERVICENOW INC                COM                           
06/16/20,Sold,EQ,IGV,-1,274.8,274.81,0,ISHARES TRUST                 ISHARES NORTH AMERICAN TECH   
06/16/20,Bought,EQ,PTON,20,-1012.6,50.63,0,PELOTON INTERACTIVE INC       CLASS A COMMON STOCK          
06/16/20,Sold,EQ,ARKK,-5,330.99,66.2,0,ARK ETF TRUST                 ARK INNOVATION ETF            
06/15/20,Bought To Open,OPTN,VXX Jul 17 '20 $45 Call,1,-355.52,3.55,0.5,VXX Jul 17 '20 $45 Call
06/15/20,Sold Short,OPTN,VXX Jul 17 '20 $40 Call,-1,477.46,4.78,0.5,VXX Jul 17 '20 $40 Call
06/15/20,Bought,EQ,ARKK,16,-1034.56,64.66,0,ARK ETF TRUST                 ARK INNOVATION ETF            
06/15/20,Bought,EQ,OKTA,6,-1116.84,186.14,0,OKTA INC                      CLASS A COMMON STOCK          
06/15/20,Bought,EQ,SMH,9,-1322.91,146.9899,0,VANECK VECTORS ETF TR         SEMICONDUCTOR ETF             
06/15/20,Sold,EQ,NET,-12,375.47,31.29,0,CLOUDFLARE INC                CLASS A COMMON STOCK PAR      
06/15/20,Bought,EQ,NET,36,-1096.2,30.45,0,CLOUDFLARE INC                CLASS A COMMON STOCK PAR      
06/15/20,Bought,EQ,ETSY,12,-1007.52,83.96,0,ETSY INC                      COM                           
06/15/20,Bought,EQ,SQ,12,-1086.03,90.5025,0,SQUARE INC                    CLASS A COM                   
06/15/20,Bought,EQ,IGV,3,-811.5,270.5,0,ISHARES TRUST                 ISHARES NORTH AMERICAN TECH   
06/12/20,Bought,EQ,QQQ,4,-939.48,234.87,0,INVESCO QQQ TR                UNIT SER 1                    
06/12/20,Sold,EQ,MSFT,-2,374.71,187.36,0,MICROSOFT CORP                ^S
06/12/20,Bought,EQ,MSFT,2,-380.4,190.2,0,MICROSOFT CORP                ^B
06/11/20,Sold,EQ,ITB,-22,940.47,42.75,0,ISHARES TRUST                 ISHARES U S HOME CONSTRUCTION 
06/11/20,Sold,EQ,AAPL,-1,343.75,343.76,0,APPLE INC                     ^S
06/11/20,Sold,EQ,MSFT,-4,768.98,192.25,0,MICROSOFT CORP                ^S
06/11/20,Sold,EQ,TWLO,-4,792.02,198.01,0,TWILIO INC                    CL A                          
06/11/20,Sold,EQ,TWLO,-4,781.38,195.35,0,TWILIO INC                    CL A                          
06/11/20,Sold,EQ,SQ,-12,1043.37,86.95,0,SQUARE INC                    CLASS A COM                   
06/11/20,Bought,EQ,TWLO,4,-781.42,195.355,0,TWILIO INC                    CL A                          
06/11/20,Sold,EQ,DOCU,-2,300.13,150.07,0,DOCUSIGN INC                  COMMON STOCK                  
06/11/20,Sold,EQ,FB,-4,922.01,230.51,0,FACEBOOK INC                  CL A                          
06/11/20,Sold,EQ,IBM,-10,1183.27,118.33,0,INTERNATIONAL BUSINESS        MACHINES CORP                 
06/11/20,Sold,EQ,RNG,-3,791.95,263.99,0,RINGCENTRAL INC               CL A                          
06/11/20,Sold,EQ,AYX,-6,833.92,138.99,0,ALTERYX INC                   CLASS A COMMON STOCK          
06/11/20,Sold,EQ,DOCU,-4,593.7,148.43,0,DOCUSIGN INC                  COMMON STOCK                  
06/11/20,Sold,EQ,AMZN,-1,2590.45,2590.51,0,AMAZON.COM INC                ^S
06/11/20,Sold,EQ,ARKK,-15,955.47,63.7,0,ARK ETF TRUST                 ARK INNOVATION ETF            
06/11/20,Sold,EQ,PTON,-16,759.98,47.5,0,PELOTON INTERACTIVE INC       CLASS A COMMON STOCK          
06/11/20,Sold,EQ,VEEV,-3,662.95,220.99,0,VEEVA SYSTEMS INC             CL A COM                      
06/11/20,Sold,EQ,PTON,-8,390.15,48.77,0,PELOTON INTERACTIVE INC       CLASS A COMMON STOCK          
06/10/20,Sold,EQ,SPOT,-6,1124.67,187.45,0,***SPOTIFY TECHNOLOGY S A     ORDINARY SHARES NOMINAL VALUE 
06/10/20,Sold,EQ,AAPL,-1,352.3,352.31,0,APPLE INC                     ^S
06/10/20,Bought,EQ,SQ,12,-1101,91.75,0,SQUARE INC                    CLASS A COM                   
06/10/20,Bought,EQ,AYX,6,-870.48,145.08,0,ALTERYX INC                   CLASS A COMMON STOCK          
06/10/20,Bought,EQ,ITB,22,-995.39,45.245,0,ISHARES TRUST                 ISHARES U S HOME CONSTRUCTION 
06/10/20,Bought,EQ,RNG,3,-819.9,273.3,0,RINGCENTRAL INC               CL A                          
06/10/20,Sold,EQ,ISRG,-2,1150.37,575.2,0,INTUITIVE SURGICAL INC        COM                           
06/10/20,Sold,EQ,MSFT,-2,386.67,193.3389,0,MICROSOFT CORP                ^S
06/10/20,Bought,EQ,VEEV,4,-888.8,222.2,0,VEEVA SYSTEMS INC             CL A COM                      
06/10/20,Sold,EQ,VEEV,-1,226.6,226.61,0,VEEVA SYSTEMS INC             CL A COM                      
06/10/20,Sold,EQ,TWLO,-2,407.89,203.95,0,TWILIO INC                    CL A                          
06/10/20,Bought,EQ,DOCU,6,-897.3,149.55,0,DOCUSIGN INC                  COMMON STOCK                  
06/10/20,Dividend,EQ,IBM,0,16.3,0,0,INTERNATIONAL BUSINESS        MACHINES CORP                 
06/09/20,Sold,EQ,AAPL,-1,341.39,341.4,0,APPLE INC                     ^S
06/09/20,Sold,EQ,SGEN,-6,898.36,149.73,0,SEATTLE GENETICS INC          ^S
06/09/20,Sold,EQ,ABBV,-10,958,95.8026,0,ABBVIE INC                    ^S
06/09/20,Bought,EQ,FB,4,-946.63,236.6581,0,FACEBOOK INC                  CL A                          
06/09/20,Bought,EQ,LVS,20,-1082,54.1,0,LAS VEGAS SANDS CORP          ^B
06/09/20,Sold,EQ,FSLY,-21,943.29,44.92,0,FASTLY INC                    CLASS A COMMON STOCK          
06/09/20,Bought,EQ,SPOT,6,-1162.8,193.8,0,***SPOTIFY TECHNOLOGY S A     ORDINARY SHARES NOMINAL VALUE 
06/09/20,Bought,EQ,PTON,24,-1141.68,47.57,0,PELOTON INTERACTIVE INC       CLASS A COMMON STOCK          
06/09/20,Bought,EQ,ARKK,15,-997.95,66.53,0,ARK ETF TRUST                 ARK INNOVATION ETF            
06/09/20,Sold,EQ,LMT,-2,819.02,409.52,0,LOCKHEED MARTIN CORP          ^S
06/08/20,Bought,EQ,FSLY,21,-1014.49,48.3089,0,FASTLY INC                    CLASS A COMMON STOCK          
06/08/20,Sold,EQ,UNH,-3,924.51,308.18,0,UNITEDHEALTH GROUP INC        ^S
06/08/20,Bought,EQ,SGEN,6,-903.78,150.63,0,SEATTLE GENETICS INC          ^B
06/08/20,Bought,EQ,MSFT,6,-1113.66,185.61,0,MICROSOFT CORP                ^B
06/08/20,Bought,EQ,ABBV,10,-929.1,92.91,0,ABBVIE INC                    ^B
06/08/20,Bought,EQ,ISRG,2,-1181.2,590.6,0,INTUITIVE SURGICAL INC        COM                           
06/08/20,Bought,EQ,AAPL,3,-990,330,0,APPLE INC                     ^B
06/08/20,Bought,EQ,UNH,3,-925.92,308.64,0,UNITEDHEALTH GROUP INC        ^B
06/08/20,Bought,EQ,TWLO,6,-1171.5,195.25,0,TWILIO INC                    CL A                          
06/08/20,Bought,EQ,AMZN,1,-2528.32,2528.32,0,AMAZON.COM INC                ^B
06/08/20,Sold,EQ,LMT,-1,414.69,414.7,0,LOCKHEED MARTIN CORP          ^S
06/04/20,Sold,EQ,LVGO,-16,935.65,58.4802,0,LIVONGO HEALTH INC            COMMON STOCK                  
06/04/20,Bought,EQ,ETSY,12,-1022.64,85.2199,0,ETSY INC                      COM                           
06/04/20,Sold,EQ,AMZN,-1,2455.42,2455.4785,0,AMAZON.COM INC                ^S
06/04/20,Sold,EQ,SQ,-4,348.48,87.1226,0,SQUARE INC                    CLASS A COM                   
06/04/20,Sold,EQ,IGV,-2,528.25,264.135,0,ISHARES TRUST                 ISHARES NORTH AMERICAN TECH   
06/04/20,Sold,EQ,Z,-6,385.73,64.29,0,ZILLOW GROUP INC              CLASS C COM                   
06/04/20,Sold,EQ,MSFT,-6,1102.19,183.7026,0,MICROSOFT CORP                ^S
06/04/20,Sold,EQ,SHW,-2,1176.94,588.486,0,SHERWIN WILLIAMS CO           ^S
06/04/20,Sold,EQ,SHOP,-2,1491.37,745.7051,0,***SHOPIFY INC                CL A                          
06/04/20,Sold,EQ,NOW,-3,1142.43,380.8216,0,SERVICENOW INC                COM                           
06/04/20,Sold,EQ,ARKK,-15,964.61,64.3092,0,ARK ETF TRUST                 ARK INNOVATION ETF            
06/04/20,Sold,EQ,TTD,-1,336.63,336.64,0,TRADE DESK INC (THE)          CLASS A COMMON STOCK          
06/04/20,Sold,EQ,PYPL,-8,1241.61,155.205,0,PAYPAL HOLDINGS INC           COM                           
06/04/20,Sold,EQ,FB,-4,906.74,226.6922,0,FACEBOOK INC                  CL A                          
06/04/20,Sold,EQ,ETSY,-12,977.1,81.4273,0,ETSY INC                      COM                           
06/04/20,Sold,EQ,Z,-12,752.74,62.73,0,ZILLOW GROUP INC              CLASS C COM                   
06/03/20,Bought,EQ,Z,18,-1129.1,62.7279,0,ZILLOW GROUP INC              CLASS C COM                   
06/03/20,Bought,EQ,LMT,3,-1203.62,401.2069,0,LOCKHEED MARTIN CORP          ^B
06/03/20,Sold,EQ,SNAP,-19,364.08,19.1625,0,SNAP INC                      CLASS A COMMON STOCK          
06/03/20,Bought,EQ,RGEN,8,-1058.4,132.3,0,REPLIGEN CORP                 ^B
06/03/20,Bought,EQ,RGEN,8,-1043.12,130.39,0,REPLIGEN CORP                 ^B
06/03/20,Sold,EQ,SQ,-4,365.64,91.4125,0,SQUARE INC                    CLASS A COM                   
06/03/20,Bought,EQ,AMZN,1,-2484.66,2484.66,0,AMAZON.COM INC                ^B
06/03/20,Sold,EQ,VRTX,-2,552.53,276.2768,0,VERTEX PHARMACEUTICALS INC    ^S
06/03/20,Sold,EQ,RGEN,-16,2075.19,129.7028,0,REPLIGEN CORP                 ^S
06/03/20,Sold,EQ,TAN,-9,316.52,35.17,0,INVESCO EXCHANGE TRADED FD TR II INVESCO SOLAR ETF          
06/03/20,Sold,EQ,AMT,-1,267.62,267.628,0,AMERICAN TOWER CORPORATION    REIT                          
06/03/20,Sold,EQ,TTD,-1,334.01,334.015,0,TRADE DESK INC (THE)          CLASS A COMMON STOCK          
06/03/20,Sold,EQ,IGV,-1,270.07,270.0813,0,ISHARES TRUST                 ISHARES NORTH AMERICAN TECH   
06/03/20,Sold,EQ,TTD,-1,348.21,348.22,0,TRADE DESK INC (THE)          CLASS A COMMON STOCK          
06/03/20,Bought,EQ,LVGO,16,-1001.75,62.6096,0,LIVONGO HEALTH INC            COMMON STOCK                  
06/02/20,Bought,EQ,SHW,2,-1194.86,597.43,0,SHERWIN WILLIAMS CO           ^B
06/02/20,Sold,EQ,TEAM,-2,361.63,180.82,0,***ATLASSIAN CORPORATION PLC  CLASS A                       
06/02/20,Sold,EQ,SQ,-4,343.71,85.93,0,SQUARE INC                    CLASS A COM                   
06/02/20,Sold,EQ,AMT,-2,522.5,261.26,0,AMERICAN TOWER CORPORATION    REIT                          
06/02/20,Sold,EQ,TAN,-19,658.24,34.6455,0,INVESCO EXCHANGE TRADED FD TR II INVESCO SOLAR ETF          
06/02/20,Sold,EQ,CLX,-3,616.48,205.5,0,CLOROX CO                     ^S
06/02/20,Bought,EQ,TTD,3,-961.95,320.65,0,TRADE DESK INC (THE)          CLASS A COMMON STOCK          
06/02/20,Bought,EQ,NOW,3,-1166.93,388.975,0,SERVICENOW INC                COM                           
06/02/20,Sold,EQ,PYPL,-4,629.74,157.44,0,PAYPAL HOLDINGS INC           COM                           
06/02/20,Bought,EQ,SHOP,2,-1548.6,774.3,0,***SHOPIFY INC                CL A                          
06/01/20,Sold,EQ,DPZ,-1,392.41,392.42,0,DOMINOS PIZZA INC             ^S
06/01/20,Bought,EQ,SQ,11,-913.66,83.06,0,SQUARE INC                    CLASS A COM                   
06/01/20,Bought,EQ,SQ,1,-83.07,83.07,0,SQUARE INC                    CLASS A COM                   
06/01/20,Bought,EQ,TAN,28,-968.52,34.59,0,INVESCO EXCHANGE TRADED FD TR II INVESCO SOLAR ETF          
06/01/20,Sold,EQ,MDY,-3,978.78,326.2711,0,STANDARD & POORS MIDCAP 400   SPDR S&P MIDCAP 400 ETF       
06/01/20,Sold,EQ,RSP,-10,1018.07,101.81,0,INVESCO EXCHANGE TRADED FUND  TRUST INVESCO S&P 500 EQUAL   
06/01/20,Sold,EQ,SNAP,-18,350.36,19.465,0,SNAP INC                      CLASS A COMMON STOCK          
06/01/20,Bought,EQ,ARKK,15,-967.5,64.5,0,ARK ETF TRUST                 ARK INNOVATION ETF            
06/01/20,Bought,EQ,FB,4,-915.88,228.97,0,FACEBOOK INC                  CL A                          
06/01/20,Sold,EQ,DPZ,-2,768.66,384.34,0,DOMINOS PIZZA INC             ^S
06/01/20,Bought,EQ,AMT,3,-791.13,263.71,0,AMERICAN TOWER CORPORATION    REIT                          
06/01/20,Journal,UNKNOWN, ,0,3993.11,0,0,TRANSFER BAL TO MARGIN
06/01/20,Journal,UNKNOWN, ,0,-3993.11,0,0,TRANSFER BAL FROM CASH
05/29/20,Bought,EQ,DPZ,3,-1142.13,380.71,0,DOMINOS PIZZA INC             ^B
05/29/20,Sold,EQ,TROW,-9,1079.43,119.94,0,PRICE T ROWE GROUP INC        ^S
05/29/20,Sold,EQ,FRPT,-9,685.69,76.19,0,FRESHPET INC                  COM                           
05/29/20,Sold,EQ,CHGG,-16,960.61,60.04,0,CHEGG INC                     ^S
05/29/20,Sold,EQ,GOOGL,-1,1421.94,1421.98,0,ALPHABET INC                  CLASS A COMMON STOCK          
05/29/20,Bought,EQ,MSFT,6,-1103.46,183.91,0,MICROSOFT CORP                ^B
05/29/20,Sold,EQ,TEAM,-1,182.71,182.72,0,***ATLASSIAN CORPORATION PLC  CLASS A                       
05/29/20,Sold,EQ,SNAP,-18,336.32,18.685,0,SNAP INC                      CLASS A COMMON STOCK          
05/29/20,Bought,EQ,PYPL,12,-1840.38,153.365,0,PAYPAL HOLDINGS INC           COM                           
05/28/20,Sold,EQ,FRPT,-4,307.95,76.99,0,FRESHPET INC                  COM
05/28/20,Sold,EQ,REGN,-1,580.02,580.04,0,REGENERON PHARMACEUTICALS INC
05/28/20,Sold,EQ,VRTX,-1,280.46,280.47,0,VERTEX PHARMACEUTICALS INC
05/28/20,Sold,EQ,POOL,-3,788.79,262.936,0,POOL CORPORATION
05/28/20,Sold,EQ,TEAM,-2,357.14,178.5761,0,***ATLASSIAN CORPORATION PLC  CLASS A
05/28/20,Sold,EQ,GOOGL,-1,1435.74,1435.775,0,ALPHABET INC                  CLASS A COMMON STOCK
05/28/20,Sold,EQ,CLX,-1,203.33,203.3425,0,CLOROX CO
05/28/20,Bought,EQ,SNAP,55,-1003.48,18.245,0,SNAP INC                      CLASS A COMMON STOCK
05/28/20,Sold,EQ,REGN,-1,563.83,563.85,0,REGENERON PHARMACEUTICALS INC
05/28/20,Bought,EQ,CHGG,16,-1010.32,63.145,0,CHEGG INC
05/28/20,Journal,UNKNOWN, ,0,16357.61,0,0,TRANSFER BAL TO MARGIN
05/28/20,Adjustment,UNKNOWN, ,0,-16357.61,0,0,TFR MARGIN TO CASH
05/28/20,Adjustment,UNKNOWN, ,0,-3993.11,0,0,TRNSFR FROM MARGIN TO CASH
05/28/20,Journal,UNKNOWN, ,0,-16357.61,0,0,TRANSFER BAL FROM CASH
05/28/20,Adjustment,UNKNOWN, ,0,16357.61,0,0,TFR MARGIN TO CASH
05/28/20,Adjustment,UNKNOWN, ,0,3993.11,0,0,TRNSFR FROM MARGIN TO CASH
05/27/20,Sold,EQ,XBI,-7,698.29,99.7591,0,SPDR SER TR                   S&P BIOTECH ETF
05/27/20,Sold,EQ,IBB,-1,127.35,127.3626,0,ISHARES NASDAQ                BIOTECHNOLOGY INDEX FD
05/27/20,Bought,EQ,MDY,3,-978.2,326.065,0,STANDARD & POORS MIDCAP 400   SPDR S&P MIDCAP 400 ETF       
05/27/20,Sold,EQ,POOL,-4,993.6,248.4075,0,POOL CORPORATION
05/27/20,Bought,EQ,TEAM,5,-871.81,174.3628,0,***ATLASSIAN CORPORATION PLC  CLASS A
05/27/20,Bought,EQ,FRPT,13,-994.76,76.52,0,FRESHPET INC                  COM
05/27/20,Bought,EQ,REGN,2,-1082.99,541.495,0,REGENERON PHARMACEUTICALS INC
05/27/20,Bought,EQ,VRTX,3,-813.33,271.11,0,VERTEX PHARMACEUTICALS INC
05/27/20,Bought,EQ,CLX,4,-800,200,0,CLOROX CO
05/27/20,Sold,EQ,WIX,-4,804.18,201.0488,0,***WIX.COM LTD
05/27/20,Journal,UNKNOWN, ,0,0.1,0,0,TRANSFER BAL TO MARGIN
05/27/20,Journal,UNKNOWN, ,0,-0.1,0,0,TRANSFER BAL FROM CASH
05/26/20,Sold,EQ,POOL,-3,731.98,244,0,POOL CORPORATION
05/26/20,Sold,EQ,TDOC,-12,2034.55,169.55,0,TELADOC HEALTH INC            COMMON STOCK
05/26/20,Bought,EQ,TROW,9,-1086.34,120.7043,0,PRICE T ROWE GROUP INC
05/26/20,Bought,EQ,RSP,10,-1000.15,100.015,0,INVESCO EXCHANGE TRADED FUND  TRUST INVESCO S&P 500 EQUAL   
05/26/20,Sold,EQ,TTD,-4,1199.57,299.9,0,TRADE DESK INC (THE)          CLASS A COMMON STOCK
05/26/20,Sold,EQ,WST,-10,2069.15,206.92,0,WEST PHARMACEUTICAL SVCS INC  COM
05/26/20,Sold,EQ,PYPL,-4,586.82,146.71,0,PAYPAL HOLDINGS INC           COM
05/26/20,Sold,EQ,DDOG,-30,2096.77,69.8941,0,DATADOG INC                   CLASS A COMMON STOCK
05/26/20,Direct Debit,UNKNOWN, ,0,-0.63,0,0,ACHDEBIT                      TD AMERITRADE                 
05/26/20,Direct Debit,UNKNOWN, ,0,-2000,0,0,ACHDEBIT                      TD AMERITRADE                 
05/26/20,Interest,BOND,00099A109,0,0.1,0,0,INTEREST ON CASH BALANCE      AT  0.009% 04/26 THRU 05/25   
05/22/20,Bought,EQ,DDOG,30,-2205.3,73.51,0,DATADOG INC                   CLASS A COMMON STOCK
05/22/20,Sold,EQ,WIX,-3,645.61,215.21,0,***WIX.COM LTD
05/22/20,Sold,EQ,PYPL,-6,887.53,147.925,0,PAYPAL HOLDINGS INC           COM
05/22/20,Bought,EQ,GOOGL,2,-2826.44,1413.2207,0,ALPHABET INC                  CLASS A COMMON STOCK
05/22/20,Sold,EQ,TTD,-2,621.98,311,0,TRADE DESK INC (THE)          CLASS A COMMON STOCK
05/21/20,Sold,EQ,WIX,-3,625.87,208.63,0,***WIX.COM LTD
05/21/20,Sold,EQ,TWLO,-10,1885.05,188.51,0,TWILIO INC                    CL A
05/21/20,Sold,EQ,MRVL,-12,349,29.0843,0,***MARVELL TECHNOLOGY GROUP   LTD
05/21/20,Bought,EQ,POOL,10,-2385.34,238.5344,0,POOL CORPORATION
05/21/20,Bought,EQ,WST,10,-2139.6,213.96,0,WEST PHARMACEUTICAL SVCS INC  COM
05/21/20,Sold,EQ,AAPL,-6,1903.51,317.26,0,APPLE INC
05/21/20,Sold,EQ,ZEN,-12,967.06,80.5907,0,ZENDESK INC                   COM
05/21/20,Sold,EQ,SNAP,-56,996.31,17.792,0,SNAP INC                      CLASS A COMMON STOCK
05/21/20,Sold,EQ,REGN,-4,2238.91,559.74,0,REGENERON PHARMACEUTICALS INC
05/21/20,Bought,EQ,TTD,6,-1823.4,303.9,0,TRADE DESK INC (THE)          CLASS A COMMON STOCK
05/21/20,Sold,EQ,MRVL,-16,465.33,29.0843,0,***MARVELL TECHNOLOGY GROUP   LTD
05/21/20,Bought,EQ,TDOC,12,-2115.84,176.32,0,TELADOC HEALTH INC            COMMON STOCK
05/21/20,Deposit,UNKNOWN, ,0,0.33,0,0,ACHCREDIT                     TD AMERITRADE                 
05/21/20,Deposit,UNKNOWN, ,0,0.3,0,0,ACHCREDIT                     TD AMERITRADE                 
05/20/20,Bought,EQ,WIX,10,-1998.2,199.82,0,***WIX.COM LTD
05/20/20,Sold,EQ,MELI,-1,818.88,818.9026,0,MERCADOLIBRE INC
05/20/20,Sold,EQ,LK,-55,153.98,2.8,0,***LUCKIN COFFEE INC          AMERICAN DEPOSITARY SHARES
05/20/20,Sold,EQ,AMD,-18,1011.75,56.21,0,ADVANCED MICRO DEVICES INC    COM
05/20/20,Sold,EQ,MRVL,-12,347.32,28.9445,0,***MARVELL TECHNOLOGY GROUP   LTD
05/20/20,Bought,EQ,REGN,4,-2314,578.5,0,REGENERON PHARMACEUTICALS INC
05/20/20,Bought To Cover,OPTN,DKNG Jun 19 '20 $17.50 Put,1,-15.52,0.15,0.5,DKNG Jun 19 '20 $17.50 Put
05/19/20,Sold,EQ,XBI,-3,313.82,104.61,0,SPDR SER TR                   S&P BIOTECH ETF
05/19/20,Sold,EQ,IGV,-1,256.98,256.9876,0,ISHARES TRUST                 ISHARES NORTH AMERICAN TECH   
05/19/20,Sold,EQ,IBB,-1,132.7,132.71,0,ISHARES NASDAQ                BIOTECHNOLOGY INDEX FD
05/19/20,Bought,EQ,AMD,18,-1000.76,55.5975,0,ADVANCED MICRO DEVICES INC    COM
05/19/20,Bought,EQ,ZEN,12,-943.65,78.6375,0,ZENDESK INC                   COM
05/19/20,Bought,EQ,TWLO,10,-1858.34,185.8337,0,TWILIO INC                    CL A
05/19/20,Sold,EQ,UNH,-6,1742.78,290.47,0,UNITEDHEALTH GROUP INC
05/19/20,Sold,EQ,BLK,-1,504.23,504.2528,0,BLACKROCK INC
05/19/20,Journal,UNKNOWN, ,0,-0.5,0,0,TRANSFER BAL TO MARGIN
05/19/20,Journal,UNKNOWN, ,0,0.5,0,0,TRANSFER BAL FROM CASH
05/18/20,Adjustment,UNKNOWN, ,0,1.85,0,0,MARK TO MARKET SHORT POS
05/18/20,Bought,EQ,SNAP,56,-996.37,17.7923,0,SNAP INC                      CLASS A COMMON STOCK
05/18/20,Sold,EQ,BLK,-1,517.24,517.26,0,BLACKROCK INC
05/18/20,Sold,EQ,AYX,-2,270.05,135.03,0,ALTERYX INC                   CLASS A COMMON STOCK
05/18/20,Sold,EQ,GLD,-10,1630.46,163.0501,0,SPDR GOLD TR                  GOLD SHS
05/18/20,Bought,EQ,MRVL,40,-1107.13,27.6783,0,***MARVELL TECHNOLOGY GROUP   LTD
05/18/20,Sold,EQ,AYX,-6,769,128.1705,0,ALTERYX INC                   CLASS A COMMON STOCK
05/18/20,Bought,EQ,AAPL,6,-1893.72,315.62,0,APPLE INC
05/18/20,Sold,EQ,MELI,-1,791.47,791.49,0,MERCADOLIBRE INC
05/18/20,Adjustment,UNKNOWN, ,0,-1.85,0,0,MARK TO MARKET
05/18/20,Fee,EQ,LK,0,-0.5,0,0,***LUCKIN COFFEE INC          AMERICAN DEPOSITARY SHARES    
05/15/20,Bought,EQ,UNH,6,-1790.56,298.4267,0,UNITEDHEALTH GROUP INC
05/15/20,Bought,EQ,MELI,2,-1528.28,764.1414,0,MERCADOLIBRE INC
05/15/20,Bought,EQ,AYX,8,-1028.27,128.5337,0,ALTERYX INC                   CLASS A COMMON STOCK
05/15/20,Bought,EQ,PYPL,10,-1454.42,145.4419,0,PAYPAL HOLDINGS INC           COM
05/15/20,Bought,EQ,XBI,10,-1015.1,101.51,0,SPDR SER TR                   S&P BIOTECH ETF               
05/14/20,Bought,EQ,GLD,10,-1629.2,162.92,0,SPDR GOLD TR                  GOLD SHS                      
05/14/20,Sold,EQ,UNFI,-10,191.79,19.18,0,UNITED NATURAL FOODS INC      COMMON STOCK
05/14/20,Sold,EQ,NFLX,-4,1753.72,438.44,0,NETFLIX COM INC
05/14/20,Bought,EQ,IBB,2,-258.48,129.24,0,ISHARES NASDAQ                BIOTECHNOLOGY INDEX FD        
05/14/20,Bought,EQ,BLK,2,-989.44,494.72,0,BLACKROCK INC
05/14/20,Bought,EQ,UNFI,20,-384,19.2,0,UNITED NATURAL FOODS INC      COMMON STOCK
05/14/20,Bought,EQ,NFLX,4,-1794.01,448.5025,0,NETFLIX COM INC
05/14/20,Sold,EQ,UNFI,-10,200.44,20.045,0,UNITED NATURAL FOODS INC      COMMON STOCK
05/14/20,Sold Short,OPTN,CNK Dec 18 '20 $20 Call,-2,316.96,1.59,1,CNK Dec 18 '20 $20 Call
05/14/20,Bought To Open,OPTN,CNK Dec 18 '20 $15 Call,2,-619.03,3.09,1,CNK Dec 18 '20 $15 Call
05/14/20,Bought,EQ,IGV,4,-980.22,245.055,0,ISHARES TRUST                 ISHARES NORTH AMERICAN TECH   
05/14/20,Transfer,UNKNOWN, ,0,12629.27,0,0,TRANSFER FROM XXXX2400-1      REFID:45286562482;
05/14/20,Dividend,EQ,AAPL,0,1.64,0,0,APPLE INC                     CASH DIV  ON       2 SHS      
05/13/20,Bought To Cover,EQ,UNFI,20,-438.32,21.916,0,UNITED NATURAL FOODS INC      COMMON STOCK                  
05/13/20,Sold Short,EQ,UNFI,-20,436.47,21.824,0,UNITED NATURAL FOODS INC      COMMON STOCK                  
05/13/20,Sold,EQ,BMY,-10,627.48,62.75,0,BRISTOL MYERS SQUIBB CO
05/13/20,Sold,EQ,PYPL,-10,1403.71,140.375,0,PAYPAL HOLDINGS INC           COM
05/13/20,Sold,EQ,TEAM,-2,343.37,171.69,0,***ATLASSIAN CORPORATION PLC  CLASS A
05/13/20,Sold,EQ,CHWY,-10,399.49,39.95,0,CHEWY INC                     CLASS A COMMON STOCK PAR VALUE
05/13/20,Sold,EQ,VEEV,-2,396.27,198.14,0,VEEVA SYSTEMS INC             CL A COM
05/13/20,Sold,EQ,TEAM,-4,698.02,174.51,0,***ATLASSIAN CORPORATION PLC  CLASS A
05/13/20,Sold,EQ,SGEN,-4,653.86,163.47,0,SEATTLE GENETICS INC
05/13/20,Sold,EQ,BMY,-10,633.54,63.3559,0,BRISTOL MYERS SQUIBB CO
05/13/20,Sold,EQ,CHWY,-20,828.88,41.445,0,CHEWY INC                     CLASS A COMMON STOCK PAR VALUE
05/13/20,Bought,EQ,PYPL,10,-1449.9,144.99,0,PAYPAL HOLDINGS INC           COM
05/13/20,Sold,EQ,AAXN,-5,415.04,83.01,0,AXON ENTERPRISE INC           COMMON STOCK
05/13/20,Sold,EQ,AMD,-8,428.91,53.615,0,ADVANCED MICRO DEVICES INC    COM
05/13/20,Sold,EQ,UNFI,-20,432.79,21.64,0,UNITED NATURAL FOODS INC      COMMON STOCK
05/13/20,Sold,EQ,SGEN,-2,317.65,158.83,0,SEATTLE GENETICS INC
05/13/20,Bought,EQ,UNFI,20,-446.1,22.305,0,UNITED NATURAL FOODS INC      COMMON STOCK
05/12/20,Sold,EQ,TMUS,-4,379.67,94.92,0,T MOBILE US INC
05/12/20,Sold,EQ,AMD,-7,382.75,54.68,0,ADVANCED MICRO DEVICES INC    COM
05/12/20,Sold,EQ,SNAP,-60,1080.56,18.01,0,SNAP INC                      CLASS A COMMON STOCK
05/12/20,Sold,EQ,AAXN,-5,419.64,83.93,0,AXON ENTERPRISE INC           COMMON STOCK
05/12/20,Sold,EQ,AAPL,-1,315.29,315.3,0,APPLE INC
05/12/20,Sold,EQ,CMG,-1,937.99,938.02,0,CHIPOTLE MEXICAN GRILL INC    COMMON STOCK
05/12/20,Bought,EQ,BMY,20,-1281.4,64.07,0,BRISTOL MYERS SQUIBB CO
05/12/20,Sold,EQ,TMUS,-4,382.87,95.72,0,T MOBILE US INC
05/12/20,Bought,EQ,SGEN,6,-1000.62,166.77,0,SEATTLE GENETICS INC
05/12/20,Bought,EQ,CHWY,30,-1202.4,40.08,0,CHEWY INC                     CLASS A COMMON STOCK PAR VALUE
05/12/20,Bought,EQ,TEAM,6,-1076.1,179.35,0,***ATLASSIAN CORPORATION PLC  CLASS A
05/12/20,Sold,EQ,WST,-2,417.19,208.6,0,WEST PHARMACEUTICAL SVCS INC  COM
05/12/20,Sold,EQ,FB,-2,427.51,213.7578,0,FACEBOOK INC                  CL A
05/12/20,Sold,EQ,XLK,-8,759.42,94.93,0,SELECT SECTOR SPDR TRUST      THE TECHNOLOGY SELECT SECTOR  
05/12/20,Sold,EQ,SMG,-8,1119.97,140,0,SCOTTS MIRACLE GRO CO
05/12/20,Sold,EQ,MSFT,-2,371.13,185.57,0,MICROSOFT CORP
05/12/20,Sold,EQ,SMH,-2,271.9,135.955,0,VANECK VECTORS ETF TR         SEMICONDUCTOR ETF
05/12/20,Sold,EQ,AAPL,-1,317.5,317.5095,0,APPLE INC
05/12/20,Sold,EQ,AMD,-5,281.04,56.21,0,ADVANCED MICRO DEVICES INC    COM
05/12/20,Sold,EQ,CRUS,-16,1147.17,71.7,0,CIRRUS LOGIC INC
05/11/20,Adjustment,UNKNOWN, ,0,-1.99,0,0,MARK TO MARKET SHORT POS
05/11/20,Bought,EQ,AMD,20,-1085.52,54.2761,0,ADVANCED MICRO DEVICES INC    COM
05/11/20,Sold,EQ,CMG,-1,934.12,934.15,0,CHIPOTLE MEXICAN GRILL INC    COMMON STOCK
05/11/20,Sold,EQ,XLK,-4,382.79,95.7,0,SELECT SECTOR SPDR TRUST      THE TECHNOLOGY SELECT SECTOR  
05/11/20,Adjustment,UNKNOWN, ,0,1.99,0,0,MARK TO MARKET
05/08/20,Sold,EQ,ABT,-10,937.09,93.7116,0,ABBOTT LABORATORIES
05/08/20,Sold,EQ,MSFT,-2,367.86,183.9338,0,MICROSOFT CORP
05/08/20,Sold,EQ,MSCI,-4,1334.21,333.56,0,MSCI INC
05/08/20,Bought,EQ,AAXN,14,-1153.04,82.36,0,AXON ENTERPRISE INC           COMMON STOCK
05/08/20,Bought,EQ,CRUS,15,-1135.05,75.67,0,CIRRUS LOGIC INC
05/08/20,Bought,EQ,CRUS,1,-75.68,75.68,0,CIRRUS LOGIC INC
05/08/20,Sold,EQ,FB,-4,846.1,211.53,0,FACEBOOK INC                  CL A
05/08/20,Sold,EQ,WST,-2,396.59,198.3,0,WEST PHARMACEUTICAL SVCS INC  COM
05/08/20,Sold,EQ,AAXN,-4,343.43,85.86,0,AXON ENTERPRISE INC           COMMON STOCK
05/08/20,Sold,EQ,TMUS,-4,389.51,97.38,0,T MOBILE US INC
05/08/20,Sold,EQ,SMH,-4,539.02,134.76,0,VANECK VECTORS ETF TR         SEMICONDUCTOR ETF
05/08/20,Bought,EQ,SNAP,60,-1090.8,18.18,0,SNAP INC                      CLASS A COMMON STOCK
05/07/20,Sold,EQ,QQQ,-2,442.07,221.04,0,INVESCO QQQ TR                UNIT SER 1
05/07/20,Bought,EQ,CMG,2,-1788.43,894.2139,0,CHIPOTLE MEXICAN GRILL INC    COMMON STOCK
05/07/20,Sold,EQ,DPZ,-2,736.18,368.1,0,DOMINOS PIZZA INC
05/07/20,Bought,EQ,SMG,8,-1084.48,135.56,0,SCOTTS MIRACLE GRO CO
05/07/20,Sold,EQ,QQQ,-2,443.87,221.941,0,INVESCO QQQ TR                UNIT SER 1
05/07/20,Sold,EQ,DPZ,-1,367.49,367.5,0,DOMINOS PIZZA INC
05/07/20,Sold,EQ,MSFT,-2,367.85,183.93,0,MICROSOFT CORP
05/07/20,Sold,EQ,AAPL,-2,608.19,304.105,0,APPLE INC
05/07/20,Bought,EQ,TMUS,12,-1114.56,92.88,0,T MOBILE US INC
05/06/20,Bought To Cover,EQ,DIS,4,-415.64,103.91,0,WALT DISNEY CO                COVER SHORT.
05/06/20,Sold Short,EQ,DIS,-4,417.63,104.41,0,WALT DISNEY CO                SHORT.
05/06/20,Bought,EQ,FB,6,-1264.08,210.68,0,FACEBOOK INC                  CL A
05/06/20,Sold,EQ,VEEV,-2,390.81,195.41,0,VEEVA SYSTEMS INC             CL A COM
05/06/20,Bought,EQ,XLK,12,-1111.65,92.6375,0,SELECT SECTOR SPDR TRUST      THE TECHNOLOGY SELECT SECTOR  
05/06/20,Sold,EQ,DPZ,-1,370.99,371,0,DOMINOS PIZZA INC
05/06/20,Sold,EQ,CLX,-3,603.7,201.24,0,CLOROX CO
05/06/20,Bought,EQ,ABT,10,-931.5,93.15,0,ABBOTT LABORATORIES
05/06/20,Bought,EQ,MSCI,4,-1352,338,0,MSCI INC
05/05/20,Bought,EQ,VEEV,4,-762.8,190.7,0,VEEVA SYSTEMS INC             CL A COM
05/05/20,Bought,EQ,MSFT,6,-1087.68,181.28,0,MICROSOFT CORP
05/05/20,Bought,EQ,WST,6,-1153.14,192.19,0,WEST PHARMACEUTICAL SVCS INC  COM
05/05/20,Bought,EQ,SMH,6,-789.18,131.53,0,VANECK VECTORS ETF TR         SEMICONDUCTOR ETF             
05/05/20,Bought,EQ,CLX,4,-803.48,200.87,0,CLOROX CO
05/05/20,Sold,EQ,WST,-2,392.45,196.23,0,WEST PHARMACEUTICAL SVCS INC  COM
05/05/20,Sold,EQ,CLX,-1,203.47,203.48,0,CLOROX CO
05/04/20,Sold Short,OPTN,DKNG Jun 19 '20 $17.50 Put,-1,149.47,1.5,0.5,DKNG Jun 19 '20 $17.50 Put
05/01/20,Sold,EQ,ADBE,-4,1375.36,343.85,0,ADOBE INC                     COMMON STOCK
05/01/20,Sold,EQ,SPY,-4,1129.77,282.45,0,SPDR S&P 500 ETF TRUST
05/01/20,Sold,EQ,IGV,-4,932.93,233.24,0,ISHARES TRUST                 ISHARES NORTH AMERICAN TECH   
05/01/20,Sold,EQ,SMH,-4,519.82,129.96,0,VANECK VECTORS ETF TR         SEMICONDUCTOR ETF
05/01/20,Sold,EQ,IWM,-4,507.46,126.87,0,ISHARES RUSSELL 2000 ETF
05/01/20,Sold,EQ,SPLK,-4,543.86,135.97,0,SPLUNK INC                    COM
05/01/20,Sold,EQ,SNPS,-4,608.9,152.23,0,SYNOPSYS INC
05/01/20,Bought,EQ,AAPL,4,-1191.42,297.8546,0,APPLE INC
04/30/20,Bought,EQ,ADBE,3,-1062.39,354.13,0,ADOBE INC                     COMMON STOCK
04/30/20,Bought,EQ,ADBE,1,-354.12,354.12,0,ADOBE INC                     COMMON STOCK
04/30/20,Dividend,EQ,SPY,0,2.81,0,0,SPDR S&P 500 ETF TRUST        CASH DIV  ON       2 SHS      
04/29/20,Bought,EQ,SNPS,4,-630.84,157.71,0,SYNOPSYS INC
04/29/20,Bought,EQ,SPLK,4,-562.84,140.71,0,SPLUNK INC                    COM
04/29/20,Bought,EQ,DPZ,4,-1442.69,360.6725,0,DOMINOS PIZZA INC
04/29/20,Bought,EQ,IGV,4,-960.69,240.1716,0,ISHARES TRUST                 ISHARES NORTH AMERICAN TECH   
04/28/20,Sold,EQ,COUP,-4,652.42,163.11,0,COUPA SOFTWARE INCORPORATED   COM
04/28/20,Sold,EQ,DG,-4,713.78,178.45,0,DOLLAR GENERAL CORPORATION
04/28/20,Sold,EQ,AMGN,-2,474.54,237.28,0,AMGEN INC
04/28/20,Sold,EQ,AAPL,-10,2797.5,279.7565,0,APPLE INC
04/28/20,Sold,EQ,TMO,-4,1320.85,330.22,0,THERMO FISHER SCIENTIFIC INC
04/28/20,Journal,UNKNOWN, ,0,0.05,0,0,TRANSFER BAL TO MARGIN
04/28/20,Journal,UNKNOWN, ,0,-0.05,0,0,TRANSFER BAL FROM CASH
04/27/20,Bought,EQ,TMO,4,-1366.32,341.58,0,THERMO FISHER SCIENTIFIC INC
04/27/20,Bought,EQ,COUP,4,-676.6,169.15,0,COUPA SOFTWARE INCORPORATED   COM
04/27/20,Bought,EQ,DG,4,-726.2,181.55,0,DOLLAR GENERAL CORPORATION
04/27/20,Bought,EQ,IWM,4,-510.68,127.67,0,ISHARES RUSSELL 2000 ETF      PROSPECTUS ON INITIAL PURCHASE
04/27/20,Bought,EQ,SMH,4,-536.78,134.195,0,VANECK VECTORS ETF TR         SEMICONDUCTOR ETF             
04/27/20,Sold,EQ,SMH,-4,537.1,134.28,0,VANECK VECTORS ETF TR         SEMICONDUCTOR ETF
04/27/20,Bought,EQ,SMH,4,-537.28,134.32,0,VANECK VECTORS ETF TR         SEMICONDUCTOR ETF             
04/27/20,Interest,UNKNOWN, ,0,-1.29,0,0,FROM 03/26 THRU 04/25 @ 8.950%BAL    9 907-  AVBAL    5 203
04/27/20,Interest,BOND,00099A109,0,0.05,0,0,INTEREST ON CASH BALANCE      AT  0.009% 03/26 THRU 04/25   
04/24/20,Sold,EQ,PODD,-2,399.48,199.7463,0,INSULET CORPORATION
04/23/20,Bought,EQ,AMGN,2,-466.21,233.105,0,AMGEN INC
04/23/20,Bought,EQ,PODD,2,-416.86,208.43,0,INSULET CORPORATION
04/22/20,Bought,EQ,SPY,4,-1117.67,279.4182,0,SPDR S&P 500 ETF TRUST        PROSPECTUS ON INITIAL PURCHASE
04/22/20,Bought,EQ,QQQ,4,-845.04,211.26,0,INVESCO QQQ TR                UNIT SER 1                    
04/22/20,Journal,UNKNOWN, ,0,-2000,0,0,TRANSFER BAL TO MARGIN
04/22/20,Journal,UNKNOWN, ,0,2000,0,0,TRANSFER BAL FROM CASH
04/21/20,Sold,EQ,BABA,-2,414.11,207.06,0,***ALIBABA GROUP HOLDING LTD  SPONSORED ADR
04/21/20,Sold,EQ,COST,-2,613.68,306.85,0,COSTCO WHOLESALE CORP-NEW
04/21/20,Sold,EQ,DPZ,-2,733.65,366.8336,0,DOMINOS PIZZA INC
04/21/20,Sold,EQ,NVDA,-2,553.24,276.631,0,NVIDIA CORP
04/21/20,Sold,EQ,MMM,-20,2829.53,141.48,0,3M COMPANY
04/21/20,Sold,EQ,AAPL,-5,1354.22,270.85,0,APPLE INC
04/21/20,Transfer,UNKNOWN, ,0,-2000,0,0,TRANSFER TO XXXX2400-1        REFID:43523913482;
04/20/20,Dividend,EQ,INTU,0,4.24,0,0,INTUIT INC                    CASH DIV  ON       8 SHS      
04/17/20,Bought,EQ,COST,2,-634.52,317.26,0,COSTCO WHOLESALE CORP-NEW
04/15/20,Bought,EQ,NVDA,2,-562.88,281.44,0,NVIDIA CORP
04/15/20,Bought,EQ,BABA,2,-415.84,207.92,0,***ALIBABA GROUP HOLDING LTD  SPONSORED ADR
04/15/20,Sold,EQ,NFLX,-2,849.22,424.62,0,NETFLIX COM INC
04/14/20,Sold,EQ,ZM,-4,557.3,139.33,0,ZOOM VIDEO COMMUNICATIONS INC CLASS A COMMON STOCK
04/14/20,Bought,EQ,DPZ,2,-713.76,356.88,0,DOMINOS PIZZA INC
04/13/20,Bought,EQ,ZM,4,-518.56,129.64,0,ZOOM VIDEO COMMUNICATIONS INC CLASS A COMMON STOCK
04/13/20,Bought,EQ,NFLX,2,-776.54,388.27,0,NETFLIX COM INC
04/09/20,Sold,EQ,INTU,-8,1991.31,248.92,0,INTUIT INC
04/09/20,Sold,EQ,WSM,-25,1250.47,50.02,0,WILLIAMS SONOMA INC
04/09/20,Sold,EQ,NFLX,-2,736.42,368.22,0,NETFLIX COM INC
04/09/20,Journal,UNKNOWN, ,0,-3000,0,0,TRANSFER BAL TO MARGIN
04/09/20,Journal,UNKNOWN, ,0,3000,0,0,TRANSFER BAL FROM CASH
04/08/20,Journal,UNKNOWN, ,0,-6000,0,0,TRANSFER BAL TO MARGIN
04/08/20,Journal,UNKNOWN, ,0,6000,0,0,TRANSFER BAL FROM CASH
04/08/20,Direct Debit,UNKNOWN, ,0,-3000,0,0,ACH DEBIT  FM E*TRADE         PPD ACH TRNSFR 056073570040290
04/07/20,Sold,EQ,ADBE,-10,3082.13,308.22,0,ADOBE INC                     COMMON STOCK
04/07/20,Sold,EQ,TTD,-5,995.17,199.04,0,TRADE DESK INC (THE)          CLASS A COMMON STOCK
04/07/20,Sold,EQ,VRTX,-2,496.8,248.41,0,VERTEX PHARMACEUTICALS INC
04/07/20,Adjustment,MF,VFIAX,-11.291,0,0,0,VANGUARD 500 INDEX ADMIRAL    VANGUARD                      
04/07/20,Transfer,UNKNOWN, ,0,-6000,0,0,TRANSFER TO XXXX2400-1        REFID:42450915482;
04/06/20,Sold,EQ,AMZN,-1,1940.64,1940.69,0,AMAZON.COM INC
04/06/20,Sold,EQ,MNR,-40,448.39,11.21,0,MONMOUTH REAL ESTATE INVT CORPCL A
04/06/20,Bought,EQ,VRTX,2,-503,251.5,0,VERTEX PHARMACEUTICALS INC
04/06/20,Sold,EQ,UMH,-40,394.39,9.86,0,UMH PROPERTIES INC
04/06/20,Bought,EQ,NFLX,2,-751.47,375.7335,0,NETFLIX COM INC
04/06/20,Sold,EQ,NFLX,-5,1862.45,372.5,0,NETFLIX COM INC
04/06/20,Sold,EQ,VZ,-40,2227.15,55.68,0,VERIZON COMMUNICATIONS
04/06/20,Sold,EQ,ATVI,-40,2464.74,61.62,0,ACTIVISION BLIZZARD INC
04/06/20,Bought To Cover,OPTN,WORK Apr 17 '20 $17.50 Put,1,-5.02,0.05,0,WORK Apr 17 '20 $17.50 Put
04/06/20,Sold,EQ,ZM,-10,1151.17,115.12,0,ZOOM VIDEO COMMUNICATIONS INC CLASS A COMMON STOCK
04/03/20,Bought,EQ,MMM,10,-1360.1,136.01,0,3M COMPANY
04/02/20,Bought,EQ,LK,30,-210,7,0,***LUCKIN COFFEE INC          AMERICAN DEPOSITARY SHARES
03/31/20,Sold,EQ,XSOE,-16,389.11,24.32,0,WISDOMTREE TRUST              EMERGING MKTS EX STATE OWNED  
03/31/20,Sold,EQ,EFAV,-7,432.38,61.77,0,ISHARES TRUST                 ISHARES EDGE MSCI MIN VOL EAFE
03/27/20,Bought,EQ,INTU,8,-1931.36,241.42,0,INTUIT INC
03/27/20,Bought,EQ,NFLX,4,-1443.32,360.83,0,NETFLIX COM INC
03/27/20,Bought,EQ,NFLX,1,-360.77,360.77,0,NETFLIX COM INC
03/27/20,Bought,EQ,AAPL,5,-1250.05,250.01,0,APPLE INC
03/27/20,Bought,EQ,AMZN,1,-1932.83,1932.83,0,AMAZON.COM INC
03/27/20,Bought,EQ,ATVI,40,-2262,56.55,0,ACTIVISION BLIZZARD INC
03/27/20,Journal,UNKNOWN, ,0,0.14,0,0,TRANSFER BAL TO MARGIN
03/27/20,Dividend,EQ,XSOE,0,0.34,0,0,WISDOMTREE TRUST              EMERGING MKTS EX STATE OWNED  
03/27/20,Journal,UNKNOWN, ,0,-0.14,0,0,TRANSFER BAL FROM CASH
03/26/20,Interest,BOND,00099A109,0,0.14,0,0,INTEREST ON CASH BALANCE      AT  0.009% 02/26 THRU 03/25   
03/24/20,Sold,EQ,VXRT,-100,160.98,1.61,0,VAXART INC                    COMMON STOCK
03/24/20,Bought,EQ,VXRT,78,-140.48,1.801,0,VAXART INC                    COMMON STOCK
03/24/20,Bought,EQ,VXRT,22,-39.82,1.81,0,VAXART INC                    COMMON STOCK
03/23/20,Bought,EQ,MNR,40,-350,8.75,0,MONMOUTH REAL ESTATE INVT CORPCL A
03/23/20,Bought,EQ,UMH,40,-350,8.75,0,UMH PROPERTIES INC
03/20/20,Sold,EQ,SPY,-1,232.25,232.2567,0,SPDR S&P 500 ETF TRUST
03/20/20,Sold,EQ,SPY,-1,232.25,232.2567,0,SPDR S&P 500 ETF TRUST
03/20/20,Sold,EQ,QQQ,-2,343.14,171.5767,0,INVESCO QQQ TR                UNIT SER 1
03/19/20,Bought,EQ,SPY,2,-489.62,244.81,0,SPDR S&P 500 ETF TRUST        PROSPECTUS ON INITIAL PURCHASE
03/19/20,Bought,EQ,QQQ,2,-362.62,181.31,0,INVESCO QQQ TR                UNIT SER 1                    
03/13/20,Sold Short,OPTN,WORK Apr 17 '20 $17.50 Put,-1,279.32,2.8,0.65,WORK Apr 17 '20 $17.50 Put
03/13/20,Bought,EQ,LK,25,-833.75,33.35,0,***LUCKIN COFFEE INC          AMERICAN DEPOSITARY SHARES
03/13/20,Bought,EQ,ZM,1,-108.42,108.415,0,ZOOM VIDEO COMMUNICATIONS INC CLASS A COMMON STOCK
03/13/20,Bought,EQ,ZM,9,-975.78,108.42,0,ZOOM VIDEO COMMUNICATIONS INC CLASS A COMMON STOCK
03/13/20,Bought,EQ,TTD,5,-997.5,199.5,0,TRADE DESK INC (THE)          CLASS A COMMON STOCK
03/13/20,Journal,UNKNOWN, ,0,2410.78,0,0,TRANSFER BAL TO MARGIN
03/13/20,Journal,UNKNOWN, ,0,-2410.78,0,0,TRANSFER BAL FROM CASH
03/12/20,Journal,UNKNOWN, ,0,-3000,0,0,TRANSFER BAL TO MARGIN
03/12/20,Journal,UNKNOWN, ,0,3000,0,0,TRANSFER BAL FROM CASH
03/12/20,Dividend,EQ,MMM,0,14.7,0,0,3M COMPANY                    CASH DIV  ON      10 SHS      
03/11/20,Bought,EQ,AAPL,10,-2773,277.3,0,APPLE INC
03/11/20,Journal,UNKNOWN, ,0,16.2,0,0,TRANSFER BAL TO MARGIN
03/11/20,Sold To Close,OPTN,IBM Mar 20 '20 $155 Call,-1,0.32,0.01,0.65,IBM Mar 20 '20 $155 Call
03/11/20,Sold,MF,RYOCX,-58.864,2395.76,40.7,0,RYDEX NASDAQ-100?? INV         Rydex Funds                  
03/11/20,Journal,UNKNOWN, ,0,-16.2,0,0,TRANSFER BAL FROM CASH
03/10/20,Bought,EQ,MMM,10,-1450,145,0,3M COMPANY
03/10/20,Bought,MF,VFIAX,11.291,-3000,265.69,0,VANGUARD 500 INDEX ADMIRAL    VANGUARD                      
03/10/20,Dividend,EQ,IBM,0,16.2,0,0,INTERNATIONAL BUSINESS        MACHINES CORP                 
03/09/20,Bought,EQ,ADBE,10,-3118.5,311.85,0,ADOBE INC                     COMMON STOCK
03/02/20,Journal,UNKNOWN, ,0,12,0,0,TRANSFER BAL TO MARGIN
03/02/20,Journal,UNKNOWN, ,0,-12,0,0,TRANSFER BAL FROM CASH
02/28/20,Dividend,EQ,WSM,0,12,0,0,WILLIAMS SONOMA INC           CASH DIV  ON      25 SHS      
02/27/20,Journal,UNKNOWN, ,0,0.02,0,0,TRANSFER BAL TO MARGIN
02/27/20,Journal,UNKNOWN, ,0,-0.02,0,0,TRANSFER BAL FROM CASH
02/26/20,Journal,UNKNOWN, ,0,4685.05,0,0,TRANSFER BAL TO MARGIN
02/26/20,Interest,BOND,00099A109,0,0.02,0,0,INTEREST ON CASH BALANCE      AT  0.009% 01/26 THRU 02/25   
02/26/20,Journal,UNKNOWN, ,0,-4685.05,0,0,TRANSFER BAL FROM CASH
02/25/20,Sold,EQ,AAPL,-10,2887.73,288.78,0,APPLE INC
02/25/20,Journal,UNKNOWN, ,0,17031.63,0,0,TRANSFER BAL TO MARGIN
02/25/20,Journal,UNKNOWN, ,0,-17031.63,0,0,TRANSFER BAL FROM CASH
02/24/20,Adjustment,UNKNOWN, ,0,-17031.63,0,0,To T-1 TID 52200994
02/24/20,Bought,EQ,AAPL,10,-3029.8,302.98,0,APPLE INC
02/24/20,Adjustment,EQ,MMM,-10,0,0,0,3M COMPANY                    TFR TO TYPE 1
02/24/20,Adjustment,EQ,AAPL,-10,0,0,0,APPLE INC                     TFR TO TYPE 1
02/24/20,Adjustment,UNKNOWN, ,0,17031.63,0,0,Olink TID 52200994
02/24/20,Adjustment,EQ,MMM,10,0,0,0,3M COMPANY                    TFR FROM TYPE 2
02/24/20,Adjustment,EQ,AAPL,10,0,0,0,APPLE INC                     TFR FROM TYPE 2
02/21/20,Journal,UNKNOWN, ,0,458.08,0,0,TRANSFER BAL TO MARGIN
02/21/20,Transfer,EQ,WSM,25,0,0,0,WILLIAMS SONOMA INC           SYSTEMATIC JOURNAL
02/21/20,Transfer,EQ,XSOE,16,0,0,0,WISDOMTREE TRUST              EMERGING MKTS EX STATE OWNED  
02/21/20,Transfer,EQ,VZ,40,0,0,0,VERIZON COMMUNICATIONS        SYSTEMATIC JOURNAL
02/21/20,Transfer,EQ,MMM,10,0,0,0,3M COMPANY                    SYSTEMATIC JOURNAL
02/21/20,Transfer,EQ,IBM,10,0,0,0,INTERNATIONAL BUSINESS        MACHINES CORP                 
02/21/20,Transfer,EQ,EFAV,7,0,0,0,ISHARES TRUST                 ISHARES EDGE MSCI MIN VOL EAFE
02/21/20,Transfer,EQ,AAPL,10,0,0,0,APPLE INC                     SYSTEMATIC JOURNAL
02/21/20,Sold,EQ,AAPL,-10,3122.48,312.2552,0,APPLE INC
02/21/20,Sold,EQ,MMM,-10,1562.57,156.2608,0,3M COMPANY
02/21/20,Journal,UNKNOWN, ,0,-458.08,0,0,TRANSFER BAL FROM CASH
02/21/20,Transfer,EQ,WSM,-25,0,0,0,WILLIAMS SONOMA INC           SYSTEMATIC JOURNAL
02/21/20,Transfer,EQ,XSOE,-16,0,0,0,WISDOMTREE TRUST              EMERGING MKTS EX STATE OWNED  
02/21/20,Transfer,EQ,VZ,-40,0,0,0,VERIZON COMMUNICATIONS        SYSTEMATIC JOURNAL
02/21/20,Transfer,EQ,MMM,-10,0,0,0,3M COMPANY                    SYSTEMATIC JOURNAL
02/21/20,Transfer,EQ,IBM,-10,0,0,0,INTERNATIONAL BUSINESS        MACHINES CORP                 
02/21/20,Transfer,EQ,EFAV,-7,0,0,0,ISHARES TRUST                 ISHARES EDGE MSCI MIN VOL EAFE
02/21/20,Transfer,EQ,AAPL,-10,0,0,0,APPLE INC                     SYSTEMATIC JOURNAL
02/20/20,Sold,EQ,EIGI,-3480,17031.63,4.93,124.39,ENDURANCE INTERNATIONAL GROUP HOLDINGS INC
02/18/20,Bought To Open,OPTN,IBM Mar 20 '20 $155 Call,1,-161.67,1.61,0.65,IBM Mar 20 '20 $155 Call
02/13/20,Dividend,EQ,AAPL,0,7.7,0,0,APPLE INC                     CASH DIV  ON      10 SHS      
02/03/20,Dividend,EQ,VZ,0,24.6,0,0,VERIZON COMMUNICATIONS        CASH DIV  ON      40 SHS      
01/27/20,Interest,BOND,00099A109,0,0.01,0,0,INTEREST ON CASH BALANCE      AT  0.009% 12/26 THRU 01/25   

